{"groupId":"bc6c7bb9-87c7-4220-833b-40509c780dd4","assetId":"american-flights-api","version":"2.0.1","apiVersion":"v2","main":"american-flights-api.raml","name":"American Flights API ","tags":[],"classifier":"raml","dependencies":[{"groupId":"68ef9520-24e9-4cf2-b2f5-620025690913","assetId":"training-american-flights-example","version":"1.0.1"},{"groupId":"68ef9520-24e9-4cf2-b2f5-620025690913","assetId":"training-american-flight-data-type","version":"1.0.1"},{"groupId":"bc6c7bb9-87c7-4220-833b-40509c780dd4","assetId":"client-id-client-secret-required","version":"1.0.1"}],"metadata":{"projectId":"9958b3e6-c879-4ae7-b9bd-5407b623e558","branchId":"master","commitId":"0cd56bda206172dd5f9d7faf419e01da45b56938"}}